id,library,function,syscall,condition
mmap-01,mmap,mmap.mmap,NtCreateSection,必定（核心）
mmap-01,mmap,mmap.mmap,NtMapViewOfSection,必定（核心）
mmap-01,mmap,mmap.mmap,NtDuplicateObject,fileno 有效（真实文件） 且 trackfd=True
mmap-01,mmap,mmap.mmap,NtQueryInformationFile,fileno 有效（真实文件） 且 length=0
mmap-02,mmap,mmap.close,NtClose,
mmap-03,mmap,mmap.resize,NtClose,
mmap-03,mmap,mmap.resize,NtOpenSection,初次调用
mmap-03,mmap,mmap.resize,NtQueryInformationFile,初次调用
mmap-03,mmap,mmap.resize,NtSetInformationFile,
mmap-03,mmap,mmap.resize,NtCreateSection,
mmap-03,mmap,mmap.resize,NtMapViewOfSection,
mmap-03,mmap,mmap.resize,NtUnmapViewOfSection,
mmap-04,mmap,mmap.rfind,NtQueryInformationFile,有 file_handle
msvcrt-01,msvcrt,msvcrt.kbhit,NtWaitForSingleObject,
msvcrt-02,msvcrt,msvcrt.getch,NtWaitForSingleObject,
msvcrt-03,msvcrt,msvcrt.putch,NtWriteFile,
msvcrt-03,msvcrt,msvcrt.putch,NtWaitForSingleObject,仅 FILE_FLAG_OVERLAPPED 句柄
multiprocessing-01,multiprocessing,multiprocessing.active_children,NtQueryInformationProcess,
multiprocessing-01,multiprocessing,multiprocessing.active_children,NtWaitForSingleObject,
multiprocessing-02,multiprocessing,multiprocessing.cpu_count,NtQuerySystemInformation,
os-01,os,os.environ,NtAllocateVirtualMemory,写操作且环境块需扩容时触发
os-01,os,os.environ,NtFreeVirtualMemory,写操作且环境块需扩容时触发 / 删操作时触发
os-02,os,os.chdir,NtOpenFile,
os-02,os,os.chdir,NtQueryVolumeInformationFile,
os-02,os,os.chdir,NtClose,
os-03,os,os.getppid,NtQueryInformationProcess,首次调用
os-04,os,os.putenv,NtOpenSection,代码页首次使用，缓存未命中
os-04,os,os.putenv,NtCreateSection,Section 对象尚未存在
os-04,os,os.putenv,NtMapViewOfSection,Section 映射到进程地址空间
os-04,os,os.putenv,NtClose,关闭 Section 句柄
os-04,os,os.putenv,NtQueryVirtualMemory,环境块容量不足时
os-04,os,os.putenv,NtAllocateVirtualMemory,环境块容量不足时
os-04,os,os.putenv,NtFreeVirtualMemory,释放旧环境块
os-05,os,os.close,NtClose,有效 fd
os-06,os,os.fchmod,NtQueryInformationFile,
os-06,os,os.fchmod,NtSetInformationFile,
os-07,os,os.fstat,NtQueryInformationFile,
os-08,os,os.fsync,NtFlushBuffersFile,
os-09,os,os.ftruncate,NtSetInformationFile,
os-10,os,os.get_blocking,NtQueryInformationFile,
os-11,os,os.open,NtCreateFile,
os-12,os,os.pipe,NtCreateNamedPipeFile,
os-12,os,os.pipe,NtOpenFile,
os-13,os,os.read,NtReadFile,
os-14,os,os.readlink,NtCreateFile,
os-14,os,os.readlink,NtFsControlFile,
os-15,os,os.set_blocking,NtSetInformationFile,
os-16,os,os.write,NtWriteFile,
os-17,os,os.get_inheritable,NtQueryObject,
os-18,os,os.set_inheritable,NtSetInformationObject,
os-19,os,os.get_handle_inheritable,NtQueryObject,
os-20,os,os.set_handle_inheritable,NtSetInformationObject,
os-21,os,os.access,NtQueryAttributesFile,
os-21,os,os.access,NtCreateFile,
os-22,os,os.chmod,NtOpenFile,
os-22,os,os.chmod,NtSetInformationFile,
os-23,os,os.lchmod,NtOpenFile,
os-23,os,os.lchmod,NtSetInformationFile,
os-24,os,os.link,NtSetInformationFile,
os-25,os,os.listdir,NtQueryDirectoryFile,
os-26,os,os.listdrives,NtQueryInformationProcess,
os-27,os,os.listmounts,NtFsControlFile,
os-28,os,os.listvolumes,NtDeviceIoControlFile,
os-29,os,os.lstat,NtCreateFile,
os-29,os,os.lstat,NtQueryInformationFile,
os-30,os,os.mkdir,NtCreateFile,
os-31,os,os.makedirs,NtCreateFile,
os-32,os,os.rename,NtOpenFile,目标不存在、目标已存在，rename、目标已存在，replace
os-32,os,os.rename,NtCreateFile,目标不存在、目标已存在，replace
os-32,os,os.rename,NtClose,目标已存在，rename
os-32,os,os.rename,NtSetInformationFile,目标不存在、目标已存在，replace
os-33,os,os.replace,NtSetInformationFile,
os-34,os,os.rmdir,NtOpenFile,
os-34,os,os.rmdir,NtSetInformationFile,
os-35,os,os.scandir,NtQueryDirectoryFile,
os-36,os,os.stat,NtQueryInformationFile,
os-36,os,os.stat,NtCreateFile,
select-01,select,select.select,NtCreateEvent,socket 已立即就绪
select-01,select,select.select,NtDeviceIoControlFile,socket 已立即就绪
select-01,select,select.select,NtClose,socket 已立即就绪
select-01,select,select.select,NtWaitForSingleObject,无 socket 就绪需阻塞等待
signal-01,signal,signal.raise_signal,NtTerminateProcess,
signal-02,signal,signal.set_wakeup_fd,NtDeviceIoControlFile,
signal-03,signal,signal.signal,NtDeviceIoControlFile,
socket-01,socket,socket.socket,NtCreateFile,
socket-02,socket,socket.socketpair,NtCreateFile,
socket-02,socket,socket.socketpair,NtDeviceIoControlFile,
socket-03,socket,socket.create_connection,NtCreateFile,
socket-03,socket,socket.create_connection,NtDeviceNtCreateEvent,
socket-04,socket,socket.create_server,NtCreateFile,
socket-04,socket,socket.create_server,NtDeviceIoControlFile,
socket-04,socket,socket.create_server,NtCreateEvent,
socket-05,socket,socket.fromfd,NtCreateFile,
socket-06,socket,socket.fromshare,NtCreateFile,
socket-07,socket,socket.getaddrinfo,NtDeviceIoControlFile,
socket-08,socket,socket.getfqdn,NtOpenKey,
socket-08,socket,socket.getfqdn,NtQueryValueKey,
socket-09,socket,socket.gethostbyname,NtDeviceIoControlFile,
socket-10,socket,socket.gethostname,NtOpenKey,
socket-10,socket,socket.gethostname,NtQueryValueKey,
socket-11,socket,socket.gethostbyaddr,NtDeviceIoControlFile,
socket-12,socket,socket.getnameinfo,NtDeviceIoControlFile,
socket-13,socket,socket.getprotobyname,NtOpenKey,
socket-13,socket,socket.getprotobyname,NtQueryValueKey,
socket-13,socket,socket.getprotobyname,NtCreateFile,
socket-13,socket,socket.getprotobyname,NtReadFile,
socket-14,socket,socket.getservbyname,NtDeviceIoControlFile,
socket-15,socket,socket.getservbyport,NtDeviceIoControlFile,
socket-16,socket,socket.if_nameindex,NtDeviceIoControlFile,
socket-17,socket,socket.if_nametoindex,NtCreateFile,
socket-17,socket,socket.if_nametoindex,NtDeviceIoControlFile,
socket-18,socket,socket.if_indextoname,NtCreateFile,
socket-18,socket,socket.if_indextoname,NtDeviceIoControlFile,
socket-19,socket,socket.accept,NtCreateEvent,
socket-19,socket,socket.accept,NtDeviceIoControlFile,
socket-19,socket,socket.accept,NtCreateFile,
socket-19,socket,socket.accept,NtQueryObject,
socket-19,socket,socket.accept,NtSetInformationObject,
socket-20,socket,socket.bind,NtCreateEvent,
socket-20,socket,socket.bind,NtDeviceIoControlFile,
socket-21,socket,socket.close,NtCreateEvent,
socket-21,socket,socket.close,NtDeviceIoControlFile,
socket-21,socket,socket.close,NtClose,
socket-22,socket,socket.connect,NtDeviceIoControlFile,
socket-23,socket,socket.dup,NtCreateFile,
socket-23,socket,socket.dup,NtQueryObject,
socket-23,socket,socket.dup,NtSetInformationObject,
socket-24,socket,socket.get_inheritable,NtQueryObject,
socket-25,socket,socket.getpeername,NtDeviceIoControlFile,
socket-26,socket,socket.getsockname,NtDeviceIoControlFile,
socket-27,socket,socket.getsockopt,NtDeviceIoControlFile,SOL_SOCKET常用选项无调用
socket-28,socket,socket.ioctl,NtDeviceIoControlFile,
socket-29,socket,socket.listen,NtCreateEvent,
socket-29,socket,socket.listen,NtDeviceIoControlFile,
socket-30,socket,socket.recv,NtDeviceIoControlFile,
socket-31,socket,socket.recvfrom,NtDeviceIoControlFile,
socket-32,socket,socket.recvfrom_into,NtDeviceIoControlFile,
socket-33,socket,socket.recv_into,NtDeviceIoControlFile,
socket-34,socket,socket.send,NtDeviceIoControlFile,
socket-35,socket,socket.sendall,NtDeviceIoControlFile,
socket-36,socket,socket.sendto,NtDeviceIoControlFile,
socket-37,socket,socket.sendfile,NtDeviceIoControlFile,
socket-38,socket,socket.set_inheritable,NtQueryObject,
socket-38,socket,socket.set_inheritable,NtSetInformationObject,
socket-39,socket,socket.setblocking,NtDeviceIoControlFile,
socket-40,socket,socket.settimeout,NtDeviceIoControlFile,
socket-41,socket,socket.setsockopt,NtDeviceIoControlFile,SO_BROADCAST无调用
socket-42,socket,socket.shutdown,NtCreateEvent,
socket-42,socket,socket.shutdown,NtDeviceIoControlFile,
socket-43,socket,socket.share,NtDuplicateObject,
ssl-01,ssl,ssl.create_default_context,NtOpenKey,无显式 CA 文件
ssl-02,ssl,ssl.cert_time_to_seconds,NtQuerySystemInformation,
ssl-03,ssl,ssl.get_server_certificate,NtCreateFile,
ssl-03,ssl,ssl.get_server_certificate,NtCreateEvent,
ssl-03,ssl,ssl.get_server_certificate,NtDeviceIoControlFile,
ssl-04,ssl,ssl.enum_certificates,NtOpenKey,
ssl-05,ssl,ssl.enum_crls,NtOpenKey,
time-01,time,time.asctime,NtQuerySystemInformation,
time-02,time,time.ctime,NtQuerySystemInformation,首次调用
time-03,time,time.get_clock_info,NtQueryPerformanceCounter,"""monotonic"""
time-03,time,time.get_clock_info,NtQueryPerformanceCounter,"""perf_counter"""
time-03,time,time.get_clock_info,NtQueryInformationProcess,"""process_time"""
time-03,time,time.get_clock_info,NtQueryInformationThread,"""thread_time"""
time-04,time,time.localtime,NtQuerySystemInformation,
time-05,time,time.mktime,NtQuerySystemInformation,
time-06,time,time.monotonic,NtQueryPerformanceCounter,
time-07,time,time.perf_counter,NtQueryPerformanceCounter,
time-08,time,time.process_time,NtQueryInformationProcess,
time-09,time,time.sleep,NtCreateTimer,
time-09,time,time.sleep,NtSetTimer,
time-09,time,time.sleep,NtResetEvent,
time-09,time,time.sleep,NtWaitForMultipleObjects,
time-09,time,time.sleep,NtClose,
time-10,time,time.strftime,NtQuerySystemInformation,不提供 tuple（time.strftime(fmt)）
time-11,time,time.thread_time,NtQueryInformationThread,
time-12,time,time.time,NtQueryPerformanceCounter,Windows 8 及以上
uuid-01,uuid,uuid.uuid1,NtDeviceIoControlFile,
uuid-02,uuid,uuid.uuid3,NtAllocateVirtualMemory,
uuid-03,uuid,uuid.uuid5,NtAllocateVirtualMemory,
uuid-04,uuid,uuid.uuid6,NtDeviceIoControlFile,
uuid-05,uuid,uuid.getnode,NtDeviceIoControlFile,
winreg-01,winreg,winreg.CloseKey,NtClose,
winreg-02,winreg,winreg.ConnectRegistry,NtOpenKey,
winreg-02,winreg,winreg.ConnectRegistry,NtCreateFile,
winreg-03,winreg,winreg.CreateKey,NtCreateKey,
winreg-04,winreg,winreg.DeleteKey,NtOpenKey,
winreg-04,winreg,winreg.DeleteKey,NtDeleteKey,
winreg-05,winreg,winreg.DeleteValue,NtDeleteValueKey,
winreg-06,winreg,winreg.SetValue,NtSetValueKey,
winreg-07,winreg,winreg.EnumKey,NtEnumerateKey,
winreg-08,winreg,winreg.EnumValue,NtEnumerateValueKey,
winreg-09,winreg,winreg.FlushKey,NtFlushKey,
winreg-10,winreg,winreg.LoadKey,NtLoadKey,
winreg-11,winreg,winreg.OpenKey,NtOpenKey,
winreg-12,winreg,winreg.QueryInfoKey,NtQueryKey,
winreg-13,winreg,winreg.QueryValue,NtQueryValueKey,
winreg-14,winreg,winreg.SaveKey,NtCreateFile,
winreg-14,winreg,winreg.SaveKey,NtSaveKey,
winsound-01,winsound,winsound.Beep,NtCreateFile,
winsound-01,winsound,winsound.Beep,NtDeviceIoControlFile,
winsound-01,winsound,winsound.Beep,NtClose,
winsound-02,winsound,winsound.PlaySound,NtCreateThread,
winsound-02,winsound,winsound.PlaySound,NtOpenKey,
winsound-02,winsound,winsound.PlaySound,NtQueryValueKey,
winsound-02,winsound,winsound.PlaySound,NtOpenFile,
winsound-02,winsound,winsound.PlaySound,NtCreateEvent,
winsound-02,winsound,winsound.PlaySound,NtWaitForSingleObject,
winsound-03,winsound,winsound.MessageBeep,NtUserCallOneParam,
